SUC001,Cebollas,7501234568009,Verduras,2026-06-20,Valle Verde,8.00,250
SUC001,Zanahorias,7501234568010,Verduras,2026-06-15,Valle Verde,10.00,200
SUC002,Lechugas,7501234568011,Verduras,2026-05-25,Valle Verde,12.00,180
SUC002,Tomates,7501234568012,Verduras,2026-05-30,Valle Verde,10.00,220
SUC003,Pimientos,7501234568013,Verduras,2026-06-05,Valle Verde,15.00,150
SUC003,Calabacines,7501234568014,Verduras,2026-06-10,Valle Verde,12.00,160
SUC004,Papas,7501234568015,Verduras,2026-07-01,Valle Verde,8.00,300
SUC004,Cebollines,7501234568016,Verduras,2026-06-08,Valle Verde,10.00,190
SUC005,Ajos,7501234568017,Verduras,2026-07-15,Valle Verde,12.00,170
SUC005,Jengibre,7501234568018,Verduras,2026-06-25,Valle Verde,15.00,140
SUC001,Bistec,7501234568019,Carnicos,2026-06-01,Swift,65.00,50
SUC001,Chuletas,7501234568020,Carnicos,2026-06-03,Swift,75.00,45
SUC002,Pollo Entero,7501234568021,Carnicos,2026-06-05,San Fernando,45.00,60
SUC002,Pechugas,7501234568022,Carnicos,2026-06-04,San Fernando,55.00,55
SUC003,Costillas,7501234568023,Carnicos,2026-06-02,Swift,85.00,40
SUC003,Lomo,7501234568024,Carnicos,2026-06-01,Swift,95.00,35
SUC004,Pescado,7501234568025,Mariscos,2026-06-03,SeaBass,65.00,30
SUC004,Camarones,7501234568026,Mariscos,2026-06-02,SeaBass,85.00,25
SUC005,Pulpo,7501234568027,Mariscos,2026-06-01,SeaBass,120.00,20
SUC005,Calamares,7501234568028,Mariscos,2026-06-02,SeaBass,95.00,22
SUC001,Harina de Trigo,7501234568029,Panaderia,2027-12-15,Blanca Flor,10.00,200
SUC001,Harina de Maiz,7501234568030,Panaderia,2027-11-30,Blanca Flor,10.00,180
SUC002,Tortillas,7501234568031,Panaderia,2026-05-20,Bimbo,8.00,250
SUC002,Bollos,7501234568032,Panaderia,2026-05-18,Bimbo,12.00,150
SUC003,Muffins,7501234568033,Panaderia,2026-05-25,Bimbo,15.00,100
SUC003,Cupcakes,7501234568034,Panaderia,2026-05-22,Bimbo,18.00,90
SUC004,Pan Integral,7501234568035,Panaderia,2026-05-19,Bimbo,14.00,120
SUC004,Pan de Molde,7501234568036,Panaderia,2026-05-20,Bimbo,12.00,130
SUC005,Galletas de Sal,7501234568037,Snacks,2027-10-10,gamesa,10.00,140
SUC005,Galletas de Mantequilla,7501234568038,Snacks,2027-09-25,gamesa,12.00,130
SUC001,Cacahuates,7501234568039,Snacks,2027-08-15,Planters,25.00,80
SUC001,Almendras,7501234568040,Snacks,2027-09-01,Planters,35.00,60
SUC002,Nueces,7501234568041,Snacks,2027-08-20,Planters,40.00,55
SUC002,Pasas,7501234568042,Snacks,2027-10-05,Sun-Maid,18.00,90
SUC003,Arandanos Secos,7501234568043,Snacks,2027-09-15,Ocean Spray,28.00,70
SUC003,Cerezas Secas,7501234568044,Snacks,2027-09-10,Ocean Spray,30.00,65
SUC004,Chocolate Amargo,7501234568045,Snacks,2027-11-20,Nestlé,20.00,95
SUC004,Chocolate con Leche,7501234568046,Snacks,2027-11-20,Nestlé,20.00,100
SUC005,Chocolate Blanco,7501234568047,Snacks,2027-11-20,Nestlé,22.00,85
SUC005,Barra de Granola,7501234568048,Snacks,2027-10-15,Quaker,15.00,110
SUC001,Cereal Corn Flakes,7501234568049,Cereales,2027-08-01,Kellogg's,25.00,80
SUC001,Cereal Froot Loops,7501234568050,Cereales,2027-08-01,Kellogg's,28.00,75
SUC002,Cereal Choco Krispies,7501234568051,Cereales,2027-08-01,Kellogg's,28.00,70
SUC002,Cereal All-Bran,7501234568052,Cereales,2027-08-01,Kellogg's,30.00,65
SUC003,Avena,7501234568053,Cereales,2027-12-15,Quaker,18.00,120
SUC003,Trigo Inflado,7501234568054,Cereales,2027-10-30,Quaker,15.00,100
SUC004,Leche Entera,7501234568055,Lacteos,2027-05-15,Lala,14.00,90
SUC004,Leche Deslactosada,7501234568056,Lacteos,2027-05-15,Lala,15.00,85
SUC005,Leche Almendras,7501234568057,Lacteos,2027-04-20,Alpura,18.00,70
SUC005,Leche Soja,7501234568058,Lacteos,2027-04-20,Alpura,18.00,65
SUC001,Yogurth Natural,7501234568059,Lacteos,2026-07-05,Yoplait,10.00,130
SUC001,Yogurth Fresa,7501234568060,Lacteos,2026-07-05,Yoplait,10.00,125
SUC002,Yogurth Mango,7501234568061,Lacteos,2026-07-05,Yoplait,10.00,120
SUC002,Yogurth Durazno,7501234568062,Lacteos,2026-07-05,Yoplait,10.00,115
SUC003,Queso Panela,7501234568063,Lacteos,2027-03-10,Corral,38.00,60
SUC003,Queso Mozarela,7501234568064,Lacteos,2027-03-10,Corral,42.00,55
SUC004,Queso Cheddar,7501234568065,Lacteos,2027-03-10,Corral,45.00,50
SUC004,Queso Parmesano,7501234568066,Lacteos,2027-03-10,Corral,48.00,45
SUC005,Crema Agria,7501234568067,Lacteos,2027-04-05,Lala,22.00,80
SUC005,Queso Crema,7501234568068,Lacteos,2027-04-05,Philadelphia,28.00,70
SUC001,Agua Mineral,7501234568069,Bebidas,2027-12-31,Ciel,10.00,200
SUC001,Agua Saborizada,7501234568070,Bebidas,2027-12-31,Ciel,12.00,180
SUC002,Refresco Cola,7501234568071,Bebidas,2026-12-15,Coca-Cola,15.00,150
SUC002,Refresco Limon,7501234568072,Bebidas,2026-12-15,Coca-Cola,15.00,145
SUC003,Refresco Naranja,7501234568073,Bebidas,2026-12-15,Coca-Cola,15.00,140
SUC003,Refresco Mandarina,7501234568074,Bebidas,2026-12-15,Coca-Cola,15.00,135
SUC004,Jugo Mango,7501234568075,Bebidas,2027-05-20,Tampico,12.00,110
SUC004,Jugo Piña,7501234568076,Bebidas,2027-05-20,Tampico,12.00,105
SUC005,Jugo Uva,7501234568077,Bebidas,2027-05-20,Tampico,12.00,100
SUC005,Jugo Manzana,7501234568078,Bebidas,2027-05-20,Tampico,12.00,95
SUC001,Cerveza Light,7501234568079,Bebidas,2026-12-20,Corona,20.00,45
SUC001,Cerveza Extra,7501234568080,Bebidas,2026-12-20,Corona,20.00,40
SUC002,Vino Blanco,7501234568081,Bebidas,2028-06-01,Concha y Toro,130.00,25
SUC002,Vino Rosado,7501234568082,Bebidas,2028-06-01,Concha y Toro,135.00,22
SUC003,Vino Generoso,7501234568083,Bebidas,2028-06-01,Concha y Toro,140.00,20
SUC003,Brandy,7501234568084,Bebidas,2028-12-31,Fundador,180.00,15
SUC004,Ginebra,7501234568085,Bebidas,2028-12-31,Beefeater,160.00,18
SUC004,Tequila Reposado,7501234568086,Bebidas,2028-11-15,Jose Cuervo,200.00,16
SUC005,Tequila Añejo,7501234568087,Bebidas,2028-11-15,Jose Cuervo,250.00,14
SUC005,Mezcal,7501234568088,Bebidas,2028-10-01,Monte Alban,220.00,12
SUC001,Aceite Oliva,7501234568089,Granos,2027-06-15,Bertolli,45.00,60
SUC001,Aceite Vegetal,7501234568090,Granos,2027-05-20,Capri,32.00,75
SUC002,Aceite Canola,7501234568091,Granos,2027-05-20,Capri,35.00,70
SUC002,Aceite Girasol,7501234568092,Granos,2027-05-20,Capri,33.00,68
SUC003,Arroz Basmati,7501234568093,Granos,2027-12-15,Supremo,18.00,150
SUC003,Arroz Jazmin,7501234568094,Granos,2027-12-15,Supremo,18.00,145
SUC004,Lentejas,7501234568095,Granos,2027-11-20,San Rafael,14.00,130
SUC004,Garbanzos,7501234568096,Granos,2027-10-15,San Rafael,16.00,125
SUC005,Frijoles Bayos,7501234568097,Granos,2027-09-30,San Rafael,16.00,135
SUC005,Frijoles Pintos,7501234568098,Granos,2027-09-30,San Rafael,16.00,130
SUC001,Atun En Agua,7501234568099,Enlatados,2028-01-01,Alamar,24.00,90
SUC001,Atun En Salsa,7501234568100,Enlatados,2028-01-01,Alamar,25.00,85
SUC002,Sardinas en Salsa,7501234568101,Enlatados,2028-01-15,Alamar,20.00,80
SUC002,Mackerel,7501234568102,Enlatados,2028-01-15,Alamar,22.00,75
SUC003,Conserva de Guisantes,7501234568103,Enlatados,2028-03-01,La Costeña,14.00,110
SUC003,Conserva de Zanahoria,7501234568104,Enlatados,2028-03-01,La Costeña,14.00,105
SUC004,Conserva de Champiñones,7501234568105,Enlatados,2028-03-01,La Costeña,16.00,95
SUC004,Conserva de Peras,7501234568106,Enlatados,2028-04-01,La Costeña,18.00,88
SUC005,Conserva de Duraznos,7501234568107,Enlatados,2028-04-01,La Costeña,18.00,85
SUC005,Conserva de Piña,7501234568108,Enlatados,2028-04-01,La Costeña,18.00,82
SUC001,Salsa BBQ,7501234568109,Condimentos,2027-09-30,Heinz,28.00,70
SUC001,Salsa Soja,7501234568110,Condimentos,2027-08-15,Kikkoman,22.00,65
SUC002,Salsa Pico de Gallo,7501234568111,Condimentos,2027-07-20,Herdez,18.00,80
SUC002,Salsa Verde,7501234568112,Condimentos,2027-07-20,Herdez,16.00,85
SUC003,Salsa Roja,7501234568113,Condimentos,2027-07-20,Herdez,16.00,82
SUC003,Chile Jalapeño,7501234568114,Condimentos,2027-06-15,Herdez,12.00,90
SUC004,Orégano,7501234568115,Condimentos,2027-11-30,La Costeña,15.00,100
SUC004,Comino,7501234568116,Condimentos,2027-10-15,La Costeña,18.00,95
SUC005,Canela,7501234568117,Condimentos,2027-12-15,La Costeña,20.00,88
SUC005,Clavo,7501234568118,Condimentos,2027-12-15,La Costeña,22.00,85
SUC001,Papel Aluminio,7501234568119,Limpieza,2028-12-31,Reynolds,25.00,60
SUC001,Bolsas de Basura,7501234568120,Limpieza,2028-12-31,Hefty,18.00,80
SUC002,Bolsas para Congelador,7501234568121,Limpieza,2028-12-31,Hefty,20.00,75
SUC002,Papel Cebolla,7501234568122,Limpieza,2028-12-31,Reynolds,15.00,90
SUC003,Esponjas Acero,7501234568123,Limpieza,2027-09-05,Scotch-Brite,8.00,120
SUC003,Cepillos Acero,7501234568124,Limpieza,2027-08-10,Scotch-Brite,10.00,100
SUC004,Trapeador,7501234568125,Limpieza,2027-10-20,Swiffer,45.00,40
SUC004,Recogedor,7501234568126,Limpieza,2027-10-20,Swiffer,35.00,45
SUC005,Escoba,7501234568127,Limpieza,2027-11-15,Swiffer,25.00,60
SUC005,Lavamanos,7501234568128,Limpieza,2027-09-30,Clorox,28.00,55
SUC001,Shampoo Cabello Seco,7501234568129,Cuidado Personal,2027-09-15,Pantene,32.00,65
SUC001,Shampoo Cabello Graso,7501234568130,Cuidado Personal,2027-09-15,Pantene,32.00,62
SUC002,Acondicionador Cabello Seco,7501234568131,Cuidado Personal,2027-09-15,Pantene,34.00,60
SUC002,Acondicionador Cabello Graso,7501234568132,Cuidado Personal,2027-09-15,Pantene,34.00,58
SUC003,Gel Fijador,7501234568133,Cuidado Personal,2027-10-25,Gatsby,18.00,85
SUC003,Espuma Fijadora,7501234568134,Cuidado Personal,2027-10-25,Gatsby,20.00,80
SUC004,Brillo Labial,7501234568135,Cuidado Personal,2027-11-20,Chapstick,12.00,100
SUC004,Protector Solar,7501234568136,Cuidado Personal,2027-08-15,Neutrogena,35.00,50
SUC005,Crema Facial,7501234568137,Cuidado Personal,2027-09-30,Olay,28.00,70
SUC005,Crema para Manos,7501234568138,Cuidado Personal,2027-09-30,Nivea,15.00,90
SUC001,Pasta Blanqueadora,7501234568139,Cuidado Personal,2027-10-10,Colgate,10.00,110
SUC001,Pasta con Fluoruro,7501234568140,Cuidado Personal,2027-10-10,Colgate,9.00,105
SUC002,Hilo Dental,7501234568141,Cuidado Personal,2027-12-31,Reach,8.00,120
SUC002,Enjuague Sin Alcohol,7501234568142,Cuidado Personal,2027-12-31,Listerine,35.00,55
SUC003,Toallas Faciales,7501234568143,Cuidado Personal,2027-11-15,Kleenex,12.00,130
SUC003,Papel Higienico Doble,7501234568144,Cuidado Personal,2027-12-31,Scott,25.00,100
SUC004,Toallas Femeninas,7501234568145,Cuidado Personal,2027-12-15,Always,28.00,65
SUC004,Tampones,7501234568146,Cuidado Personal,2027-12-15,Always,25.00,60
SUC005,Pañales,7501234568147,Cuidado Personal,2027-11-30,Pampers,35.00,45
SUC005,Toallitas Bebe,7501234568148,Cuidado Personal,2027-11-30,Huggies,20.00,75
